{
    "actionsModal": [{
        "heading": [{
            "title": "Modal Title"
        }],
        "showOpenButton": true,
        "modalId": "three",
        "defaultLabel": "Default Action",
        "primaryLabel": "Primary Action",
        "paragraphs": [{
                "text": "Lorem ipsum dolor sit amet, consectetur adipiscing elit. Integer fermentum luctus dui, a accumsan velit pulvinar et. In hac habitasse platea dictumst."
            },
            {
                "text": "Lorem ipsum dolor sit amet, consectetur adipiscing elit. Integer fermentum luctus dui, a accumsan velit pulvinar et. In hac habitasse platea dictumst."
            },
            {
                "text": "Lorem ipsum dolor sit amet, consectetur adipiscing elit. Integer fermentum luctus dui, a accumsan velit pulvinar et. In hac habitasse platea dictumst."
            },
            {
                "text": "Lorem ipsum dolor sit amet, consectetur adipiscing elit. Integer fermentum luctus dui, a accumsan velit pulvinar et. In hac habitasse platea dictumst."
            },
            {
                "text": "Lorem ipsum dolor sit amet, consectetur adipiscing elit. Integer fermentum luctus dui, a accumsan velit pulvinar et. In hac habitasse platea dictumst."
            },
            {
                "text": "Lorem ipsum dolor sit amet, consectetur adipiscing elit. Integer fermentum luctus dui, a accumsan velit pulvinar et. In hac habitasse platea dictumst."
            },
            {
                "text": "Lorem ipsum dolor sit amet, consectetur adipiscing elit. Integer fermentum luctus dui, a accumsan velit pulvinar et. In hac habitasse platea dictumst."
            },
            {
                "text": "Lorem ipsum dolor sit amet, consectetur adipiscing elit. Integer fermentum luctus dui, a accumsan velit pulvinar et. In hac habitasse platea dictumst."
            },
            {
                "text": "Lorem ipsum dolor sit amet, consectetur adipiscing elit. Integer fermentum luctus dui, a accumsan velit pulvinar et. In hac habitasse platea dictumst."
            },
            {
                "text": "Lorem ipsum dolor sit amet, consectetur adipiscing elit. Integer fermentum luctus dui, a accumsan velit pulvinar et. In hac habitasse platea dictumst."
            },
            {
                "text": "Lorem ipsum dolor sit amet, consectetur adipiscing elit. Integer fermentum luctus dui, a accumsan velit pulvinar et. In hac habitasse platea dictumst."
            },
            {
                "text": "Lorem ipsum dolor sit amet, consectetur adipiscing elit. Integer fermentum luctus dui, a accumsan velit pulvinar et. In hac habitasse platea dictumst."
            }
        ],
        "icon": [{
            "icon": "remove-sm-24"
        }]
    }]
}