{
    "form": [{
        "name": "Section Name Example",
        "inputBlock": [{
                "basicInput": [{
                    "id": "blockInputOne",
                    "label": "Character",
                    "placeholder": "Hulk"
                }]
            },
            {
                "basicInput": [{
                    "id": "blockInputTwo",
                    "label": "Alter Ego",
                    "placeholder": "Robert Bruce Banner"
                }]
            },
            {
                "basicInput": [{
                    "id": "blockInputThree",
                    "label": "Created By",
                    "placeholder": "Stan Lee"
                }]
            }
        ],
        "defaultBtnLabel": "Default Action",
        "primaryBtnLabel": "Primary Action"
    }]
}